ticker,predicted_rank,watchlist_signal,score_date
GOOGL,0.673589720635281,BUY,2026-08-31
MRK,0.6673693737118406,BUY,2026-08-31
MSFT,0.6512104248619071,BUY,2026-08-31
SYK,0.6285484110881799,BUY,2026-08-31
META,0.6238871978325328,BUY,2026-08-31
NSC,0.5802049203174772,BUY,2026-08-31
FIS,0.5788440237692715,BUY,2026-08-31
ORCL,0.5767156992237822,BUY,2026-08-31
AON,0.5724558592740103,BUY,2026-08-31
ZTS,0.5720740077801277,BUY,2026-08-31
MDT,0.5704610803867478,BUY,2026-08-31
ICE,0.5695357182574395,BUY,2026-08-31
DHR,0.5619419355483153,BUY,2026-08-31
PEP,0.559222465870811,BUY,2026-08-31
PG,0.5580117925324874,BUY,2026-08-31
MCD,0.551262169768796,BUY,2026-08-31
CI,0.5509868885400053,BUY,2026-08-31
CRM,0.5509371569013691,BUY,2026-08-31
COST,0.5505135119864117,BUY,2026-08-31
NFLX,0.5497186931121844,BUY,2026-08-31
ABT,0.5449802424969623,HOLD,2026-08-31
CL,0.5419689751598914,HOLD,2026-08-31
TJX,0.5365687014674828,HOLD,2026-08-31
MRSH,0.5353253897410677,HOLD,2026-08-31
CSCO,0.5307156104725301,HOLD,2026-08-31
UNH,0.5299318163445965,HOLD,2026-08-31
BDX,0.5259376495574503,HOLD,2026-08-31
NKE,0.5229818185130414,HOLD,2026-08-31
HCA,0.5215741977092526,HOLD,2026-08-31
TMO,0.5208517400385374,HOLD,2026-08-31
PFE,0.5207470993315401,HOLD,2026-08-31
PLD,0.5190223364674564,HOLD,2026-08-31
BKNG,0.5179808352537059,HOLD,2026-08-31
ISRG,0.5172887116344438,HOLD,2026-08-31
ECL,0.5162482655584293,HOLD,2026-08-31
MA,0.5147282088330961,HOLD,2026-08-31
HON,0.5097720329449424,HOLD,2026-08-31
WMT,0.508784280367781,HOLD,2026-08-31
CMCSA,0.5085759674881372,HOLD,2026-08-31
QCOM,0.5076069252627003,HOLD,2026-08-31
APD,0.5070373327575137,HOLD,2026-08-31
LMT,0.5068958116873538,HOLD,2026-08-31
GS,0.5068571720062833,HOLD,2026-08-31
GE,0.5041827880669206,HOLD,2026-08-31
BA,0.5002775564098163,HOLD,2026-08-31
DIS,0.49995800145586183,HOLD,2026-08-31
ETN,0.4972190134370649,HOLD,2026-08-31
INTU,0.4967389982867426,HOLD,2026-08-31
BAC,0.4967373245524116,HOLD,2026-08-31
UPS,0.4961223520346399,HOLD,2026-08-31
SLB,0.49598858752813596,HOLD,2026-08-31
FDX,0.49570892854130494,HOLD,2026-08-31
EQIX,0.49538178014245043,HOLD,2026-08-31
SPGI,0.49526517744699294,HOLD,2026-08-31
BLK,0.4932383247019314,HOLD,2026-08-31
SHW,0.4928510652995572,HOLD,2026-08-31
LIN,0.4892843388912048,HOLD,2026-08-31
SO,0.48838346039424047,HOLD,2026-08-31
NOW,0.4880594016237175,HOLD,2026-08-31
V,0.48765505724637004,HOLD,2026-08-31
HD,0.48748363482874063,HOLD,2026-08-31
AAPL,0.48635546685540704,HOLD,2026-08-31
GILD,0.4861766111939579,HOLD,2026-08-31
ADBE,0.4855978015833287,HOLD,2026-08-31
CAT,0.48555997634311465,HOLD,2026-08-31
USB,0.48494386456538535,HOLD,2026-08-31
NEE,0.4837386547701771,HOLD,2026-08-31
ITW,0.48316304308385183,HOLD,2026-08-31
AMGN,0.48102319502861346,HOLD,2026-08-31
ROP,0.4809697138585841,HOLD,2026-08-31
RTX,0.4800031693243145,HOLD,2026-08-31
AXP,0.4795643222758767,HOLD,2026-08-31
AMZN,0.4776659207553062,HOLD,2026-08-31
REGN,0.47556054176026047,HOLD,2026-08-31
BRK-B,0.4746785457119475,HOLD,2026-08-31
MO,0.4730702234953469,HOLD,2026-08-31
LOW,0.4699806015707316,HOLD,2026-08-31
XOM,0.46618799148052253,HOLD,2026-08-31
LLY,0.46494716157457866,HOLD,2026-08-31
DE,0.4634646039512677,HOLD,2026-08-31
CSX,0.46201556482674166,AVOID,2026-08-31
TGT,0.46003145154614383,AVOID,2026-08-31
TXN,0.45730888389413804,AVOID,2026-08-31
PNC,0.4501839077043012,AVOID,2026-08-31
SCHW,0.4484782434401849,AVOID,2026-08-31
VZ,0.4453300531940075,AVOID,2026-08-31
CVX,0.4445390117371423,AVOID,2026-08-31
WM,0.44130945184496567,AVOID,2026-08-31
NVDA,0.44039164582508705,AVOID,2026-08-31
CME,0.43982606182945755,AVOID,2026-08-31
INTC,0.43952316333745434,AVOID,2026-08-31
PM,0.43901037480173527,AVOID,2026-08-31
IBM,0.435770614807241,AVOID,2026-08-31
JPM,0.4328908589667486,AVOID,2026-08-31
ACN,0.4317826868494553,AVOID,2026-08-31
DUK,0.429441102840112,AVOID,2026-08-31
ADP,0.42890376963263077,AVOID,2026-08-31
CB,0.4158904406473346,AVOID,2026-08-31
JNJ,0.4122475485230237,AVOID,2026-08-31
KO,0.38477689871128845,AVOID,2026-08-31
